"","x"
"1","Aaron Amadi-Holloway"
"2","Aaron Atkinson"
"3","Aaron Chalmers"
"4","Aaron Wilbraham"
"5","Abdelhakim Omrani"
"6","Adam Collin"
"7","Adam Griffin"
"8","Adam Legzdins"
"9","Adam Lockwood"
"10","Adam Rooney"
"11","Adel Gafaiti"
"12","Adrian Littlejohn"
"13","Aidan White"
"14","Aiden O&#039;Neill"
"15","Alan Blayney"
"16","Alan Johnson"
"17","Alan Sheehan"
"18","Albert Rusnak"
"19","Alex Bruce"
"20","Alex Cisak"
"21","Alex Hunt"
"22","Alex Iacovitti"
"23","Alex Marrow"
"24","Alex Palmer"
"25","Alex Parks"
"26","Alex Read"
"27","Alex Reid"
"28","Alexandros Kiratzoglou"
"29","Alfie McCalmont"
"30","Allan Smart"
"31","Amadou Sanokho"
"32","Amari Morgan-Smith"
"33","Andrea Badan"
"34","Andrew Crompton"
"35","Andy Barlow"
"36","Andy Dallas"
"37","Andy Goram"
"38","Andy Gray"
"39","Andy Holden"
"40","Andy Holdsworth"
"41","Andy Holt"
"42","Andy Hughes"
"43","Andy Liddell"
"44","Andy Linighan"
"45","Andy Rhodes"
"46","Andy Ritchie"
"47","Andy Taylor"
"48","Andy Todd"
"49","Andy Woods"
"50","Anthony Gerrard"
"51","Anthony Grant"
"52","Anton Rodgers"
"53","Ashley Smith-Brown"
"54","Barry Prenderville"
"55","Bassala Sambou"
"56","Ben Amos"
"57","Ben Burgess"
"58","Ben Futcher"
"59","Ben Garrity"
"60","Ben Hough"
"61","Ben Pringle"
"62","Ben Tollitt"
"63","Ben Turner"
"64","Ben Wilson"
"65","Benny Couto"
"66","Bertrand Bossu"
"67","Billy Kenny"
"68","Billy Mckay"
"69","Billy Waters"
"70","Bobby De Cordova-Reid"
"71","Bobby Grant"
"72","Bradley Diallo"
"73","Brendy Glackin"
"74","Brennan Dickenson"
"75","Brett Ormerod"
"76","Brian Kilcline"
"77","Brian Launders"
"78","Brian Murphy"
"79","Brian Parkin"
"80","Brian Wilson"
"81","Brice Ntambwe"
"82","Brooke"
"83","Calaum Jahraldo-Martin"
"84","Callum Dolan"
"85","Callum Lang"
"86","Callum Whelan"
"87","Calvin Zola"
"88","Cameron Borthwick-Jackson"
"89","Cameron Burgess"
"90","Cameron Dummigan"
"91","Carl Piergianni"
"92","Carl Serrant"
"93","Carl Winchester"
"94","Carlo Corazzin"
"95","Carlos Roca"
"96","Cedric Evina"
"97","Charles Dunne"
"98","Charlie Cooper"
"99","Charlie MacDonald"
"100","Charlie Raglan"
"101","Charlie Wellens"
"102","Chinedy Uche"
"103","Chris Armstrong"
"104","Chris Day"
"105","Chris Eagles"
"106","Chris Grange"
"107","Chris Hall"
"108","Chris Howarth"
"109","Chris Iwelumo"
"110","Chris Kettings"
"111","Chris Killen"
"112","Chris Lever"
"113","Chris Lightfoot"
"114","Chris Makin"
"115","Chris O&#039;Grady"
"116","Chris Porter"
"117","Chris Renshaw"
"118","Chris Rowney"
"119","Chris Sutherland"
"120","Chris Swailes"
"121","Chris Taylor"
"122","Christian N&#039;Guessan"
"123","Christopher Hall"
"124","Christopher McCann"
"125","Christopher Missilou"
"126","Cliff Byrne"
"127","Clint Hill"
"128","Clyde Wijnhard"
"129","Colin Hall"
"130","Connor Brown"
"131","Connor Hughes"
"132","Connor Ripley"
"133","Conor Carty"
"134","Conor McAleny"
"135","Conor Wilkinson"
"136","Corry Evans"
"137","Courtney Duffus"
"138","Craig Davies"
"139","Craig Dudley"
"140","Craig Fleming"
"141","Craig Mawson"
"142","Craig Rocastle"
"143","Cristian Colusso"
"144","Cristian Montano"
"145","Curtis Main"
"146","Dale Stephens"
"147","Dan Gardner"
"148","Dan Jones"
"149","Dan Taylor"
"150","Dan Whitaker"
"151","Daniel Iversen"
"152","Daniel Johnson"
"153","Daniel Lafferty"
"154","Daniel Langley"
"155","Daniel Nardiello"
"156","Daniel Ward"
"157","Danny Boshell"
"158","Danny Boxall"
"159","Danny Byrnes"
"160","Danny Gosset"
"161","Danny Hall"
"162","Danny Knight"
"163","Danny Philliskirk"
"164","Danny Rogers"
"165","Danny Rowe"
"166","Danny Walsh"
"167","Darius Osei"
"168","Darren Beckford"
"169","Darren Byfield"
"170","Darren Lonergan"
"171","Darren Sheridan"
"172","Darryl Flahavan"
"173","David Beharall"
"174","David Beresford"
"175","David Carney"
"176","David Cornell"
"177","David Currie"
"178","David Dunn"
"179","David Eyres"
"180","David Jones"
"181","David Kalnoki-Kis"
"182","David Knight"
"183","David Lee"
"184","David Livermore"
"185","David McNiven"
"186","David Mellor"
"187","David Noble"
"188","David Okagbue"
"189","David Reeves"
"190","David Wheater"
"191","David Worrall"
"192","Davis Keillor-Dunn"
"193","Dean Bouzanis"
"194","Dean Brill"
"195","Dean Crowe"
"196","Dean Furman"
"197","Dean Holden"
"198","Dean Windass"
"199","Deane Smalley"
"200","Dele Adebola"
"201","Delroy Facey"
"202","Denis Irwin"
"203","Derek Brazil"
"204","Desire Segbe Azankpo"
"205","Devante Jacobs"
"206","Devarn Green"
"207","Djeny Bembo-Leta"
"208","Dominic McHale"
"209","Dominic Poleon"
"210","Doug Hodgson"
"211","Duckens Nazon"
"212","Duncan Roberts"
"213","Dylan Bahamboula"
"214","Dylan Fage"
"215","Dylan King"
"216","Earl Barrett"
"217","Edijs Joksts"
"218","Ellis Allen"
"219","Ellis Chapman"
"220","Ellis Plummer"
"221","Emmanuel Dieseruvwe"
"222","Emmanuel Monthe"
"223","Eoghan O&#039;Connell"
"224","Eoin Doyle"
"225","Ernie Cooksey"
"226","Ethan Walker"
"227","Ewan McFarlane"
"228","Fabio Ferreira"
"229","Faysal Bettache"
"230","Fede Bessone"
"231","Ferenc Fodor"
"232","Filipe Alexandre Morais"
"233","Fitz Hall"
"234","Florian Gonzales"
"235","Francois Antoine"
"236","Frank Bunn"
"237","Fraser Digby"
"238","Freddie Ladapo"
"239","Gareth Owen"
"240","Gary Harkins"
"241","Gary Kelly"
"242","Gary McDonald"
"243","Gary Walsh"
"244","Gary Woods"
"245","Gavin Gunning"
"246","Genseric Kusunga"
"247","George Blackwood"
"248","George Edmundson"
"249","George Elokobi"
"250","George Green"
"251","Gerry Creaney"
"252","Gevaro Nepomuceno"
"253","Giles Coke"
"254","Giorgio Rasulo"
"255","Glenn Belezika"
"256","Graeme Sharp"
"257","Greg Fleming"
"258","Gregor Zabret"
"259","Gunnar Halle"
"260","Guy Branston"
"261","Gyamfi Kyeremeh"
"262","Hallam Hope"
"263","Harrison McGahey"
"264","Harry Bunn"
"265","Harry Charsley"
"266","Harry Clarke"
"267","Harry Norris"
"268","Harry Robinson"
"269","Harry Vaughan"
"270","Hasney Aljofree"
"271","Ian Gray"
"272","Ian Greaves"
"273","Ian Ironside"
"274","Ian Lawlor"
"275","Ian Marshall"
"276","Ian Olney"
"277","Ian Ormondroyd"
"278","Ian Snodin"
"279","Ian Thompstone"
"280","Ian Westlake"
"281","Isaac Modi"
"282","Ishmael Miller"
"283","Jabo Ibehre"
"284","Jack Byrne"
"285","Jack Grundy"
"286","Jack Ruddy"
"287","Jack Stobbs"
"288","Jack Stretton"
"289","Jack Truelove"
"290","Jack Tuohy"
"291","Jack Williams"
"292","Jacob Blyth"
"293","Jacob Mellis"
"294","Jake Caprice"
"295","Jake Cassidy"
"296","Jake Dennis"
"297","Jake Kean"
"298","Jake Leake"
"299","James Carragher"
"300","James Dayton"
"301","James Norwood"
"302","James Simms"
"303","James Tarkowski"
"304","James Wesolowski"
"305","James Wilson"
"306","Jamie Bowden"
"307","Jamie Campbell"
"308","Jamie Hopcutt"
"309","Jamie Reckord"
"310","Jamie Stott"
"311","Jan Budtz"
"312","Jason Jarrett"
"313","Jason Lowe"
"314","Jason Price"
"315","Jason Taylor"
"316","Javid Swaby-Neavin"
"317","Jay Fulton"
"318","Jay Sheridan"
"319","Jayson Leutwiler"
"320","Jean-Francois Christophe"
"321","Jean-Louis Akpa Akpro"
"322","Jean-Paul Kalala"
"323","Jean-Yves Mvoto"
"324","Jermaine Johnson"
"325","Jesurun Uchegbulam"
"326","Jim Goodwin"
"327","Joe Colbeck"
"328","Joe Cooper"
"329","Joe Garner"
"330","Joe Jacobson"
"331","Joe Nuttall"
"332","Joe Pritchard"
"333","Joel Byrom"
"334","Joel Coleman"
"335","Johan Branger"
"336","John Eyre"
"337","John Gannon"
"338","John Keeley"
"339","John McGinlay"
"340","John Mohan"
"341","John Morrow"
"342","John Paul Kissock"
"343","John Pritchard"
"344","John Rooney"
"345","John Sheridan"
"346","John Thompson"
"347","Johny Placide"
"348","Jon Bowden"
"349","Jon Hallworth"
"350","Jon Stead"
"351","Jonathan Benteke"
"352","Jonathan Burn"
"353","Jonathan Forte"
"354","Jonathan Grounds"
"355","Jonathan Worthington"
"356","Jonny Smith"
"357","Jonson Clarke-Harris"
"358","Jordan Barnett"
"359","Jordan Bove"
"360","Jordan Clarke"
"361","Jordan Lyden"
"362","Jordan Obita"
"363","Jordan Robertson"
"364","Jordan Rossiter"
"365","Jordan Slew"
"366","Jordan Windass"
"367","Jose Baxter"
"368","Josef Yarney"
"369","Joseph Boyling"
"370","Joseph Edwards"
"371","Joseph McGlynn"
"372","Joseph Mills"
"373","Josh Bell"
"374","Josh Kay"
"375","Josh Law"
"376","Josh Low"
"377","Josh Lundstram"
"378","Josh Ollerenshaw"
"379","Josh Parker"
"380","Josh Stones"
"381","Julian Baudet"
"382","Junior Agogo (mer)"
"383","Junior Luamba"
"384","Kacper Danielewicz"
"385","Kai Payne"
"386","Kallum Mantack"
"387","Kane Drummond"
"388","Kangana Lord Ndiwa"
"389","Kean Bryan"
"390","Keanu Marsh-Brown"
"391","Keigan Parker"
"392","Keiren Westwood"
"393","Kelvin Lomax"
"394","Kenny Cooper"
"395","Kevin Betsy"
"396","Kevin Maher"
"397","Kevin Moore"
"398","Kian Harratt"
"399","Kielen Adams"
"400","Kieran Lee"
"401","Kieron Freeman"
"402","Kirk Millar"
"403","Korey Smith"
"404","Krisztian Timar"
"405","Kundai Benyu"
"406","Kurt Willoughby"
"407","Kyle Jameson"
"408","Lance Key"
"409","Laurence Bilboe"
"410","Laurenco Da Silva"
"411","Laurie Walker"
"412","Lee Barnard"
"413","Lee Croft"
"414","Lee Duxbury"
"415","Lee Erwin"
"416","Lee Grant"
"417","Lee Hardy"
"418","Lee Hills"
"419","Lee Hughes"
"420","Lee Knight"
"421","Lee Randall"
"422","Lee Richardson"
"423","Lee Sinnott"
"424","Leon Clarke"
"425","Leon Constantine"
"426","Les Pogliacomi"
"427","Lewis Alessandra"
"428","Lewis Grabban"
"429","Lewis Guy"
"430","Lewis McKinney"
"431","Liam Hogan"
"432","Liam Jacob"
"433","Liam Kelly"
"434","Lloyd Richardson"
"435","Lois Maynard"
"436","Luca Scapuzzi"
"437","Luigi Glombard"
"438","Luke Beckett"
"439","Luke Burgess"
"440","Luke Simpson"
"441","Luke Southerington"
"442","Luke Woodland"
"443","Mackenzie Chapman"
"444","Magnus Norman"
"445","Maheta Molango"
"446","Marc Klok"
"447","Marc Richards"
"448","Marc Tierney"
"449","Marcel Hilssner"
"450","Marcus Barnes"
"451","Marcus Holness"
"452","Mark Allott"
"453","Mark Arber"
"454","Mark Bonner"
"455","Mark Brennan"
"456","Mark Crossley"
"457","Mark Foran"
"458","Mark Hotte"
"459","Mark Hudson"
"460","Mark Hughes"
"461","Mark Innes"
"462","Mark Kitching"
"463","Mark Oxley"
"464","Mark Shelton"
"465","Mark Ward"
"466","Mark Watson"
"467","Mark Yeates"
"468","Marlon Beresford"
"469","Martin Pemberton"
"470","Marvin Kokos"
"471","Mason Fawns"
"472","Mat Sadler"
"473","Mathew Hudson"
"474","Matt Derbyshire"
"475","Matt O&#039;Halloran"
"476","Matt Palmer"
"477","Matt Smith"
"478","Matteo Lanzoni"
"479","Matthew Carr"
"480","Matthew Hudson"
"481","Matthew Tipton"
"482","Matthew Wolfenden"
"483","Matthew Worthington"
"484","Matty Appleby"
"485","Matty Barlow"
"486","Matty Lund"
"487","Max Norman"
"488","Medi Abalimba"
"489","Michael Clegg"
"490","Michael Higdon"
"491","Michael McKerr"
"492","Michael Ngoo"
"493","Michael Petrasso"
"494","Michael Poke"
"495","Michael Ricketts"
"496","Michael Tidser"
"497","Michel Vonk"
"498","Mick Quinn"
"499","Mickael Antoine-Curier"
"500","Mike Cecere"
"501","Mike Flynn"
"502","Mike Fondop-Talum"
"503","Mike Jones"
"504","Mike Milligan"
"505","Mike Pearson"
"506","Mike Pollitt"
"507","Miki Roque"
"508","Mitchell Roberts"
"509","Mohamad Sylla"
"510","Mohammed Maouche"
"511","Moussa Dabo"
"512","Mworina Bernard Doro"
"513","Nathan Clarke"
"514","Nathan Sheron"
"515","Neal Eardley"
"516","Neal Trotman"
"517","Neil Adams"
"518","Neil Etheridge"
"519","Neil Kilkenny"
"520","Neil McDonald"
"521","Neil Pointon"
"522","Neil Redfearn"
"523","Neil Thompson"
"524","Neil Tolson"
"525","Neil Wood"
"526","Neill Moore"
"527","Neville Roach"
"528","Nick Blackman"
"529","Nick Henry"
"530","Nicky Adams"
"531","Nicky Banger"
"532","Norberc Csiki"
"533","Oladapo Afolayan"
"534","Oli Hammond"
"535","Oliver Kilner"
"536","Ollie Banks"
"537","Orfeo Keizerweerd"
"538","Oscar Threlkeld"
"539","Otis Khan"
"540","Oumare Tounkara"
"541","Ousmane Fane"
"542","Ousseynou Cisse"
"543","Paddy Kenny"
"544","Patrick McEleney"
"545","Patrick Tischler"
"546","Paul Beavers"
"547","Paul Bernard"
"548","Paul Black"
"549","Paul Conway"
"550","Paul Dickov"
"551","Paul Edwards"
"552","Paul Futcher"
"553","Paul Gerrard"
"554","Paul Heffernan"
"555","Paul Jason Green"
"556","Paul Kane"
"557","Paul Mardon"
"558","Paul Moulden"
"559","Paul Murray"
"560","Paul Rachubka"
"561","Paul Reid"
"562","Paul Rickers"
"563","Paul Shepherd"
"564","Paul Smith"
"565","Paul Tyson"
"566","Paul Warhurst"
"567","Paul Warne"
"568","Paul Wilkinson"
"569","Pawel Abbott"
"570","Peter Clarke"
"571","Peter Gilbert"
"572","Phil Starbuck"
"573","Philip Salt"
"574","Przemyslaw Kazimierczak"
"575","Queensy Menig"
"576","Raphael Diarra"
"577","Ray Wilson"
"578","Reagan Ogle"
"579","Reece Brown"
"580","Reece Gaskell"
"581","Reece Wabara"
"582","Rene Steer"
"583","Reuben Hazell"
"584","Reuben Reid"
"585","Rhys Murphy"
"586","Rhys Turner"
"587","Ricardo Fuller"
"588","Richard Butcher"
"589","Richard Eckersley"
"590","Richard Graham"
"591","Richard Jobson"
"592","Richard O&#039;Donnell"
"593","Rick Holden"
"594","Ritchie Jones"
"595","Ritchie Wellens"
"596","Rob Hunt"
"597","Rob Lee"
"598","Rob Purdie"
"599","Rob Scott"
"600","Rob Walker"
"601","Robbie Simpson"
"602","Robbie Winters"
"603","Rod Mcdonald"
"604","Rodney Jack"
"605","Rodrigue Dikaba"
"606","Roger Palmer"
"607","Ronnie Jepson"
"608","Rory Prendergast"
"609","Ryan Bertrand"
"610","Ryan Brooke"
"611","Ryan Flynn"
"612","Ryan McLaughlin"
"613","Ryan Scholes-Beard"
"614","Ryan Smith"
"615","Ryan Sugden"
"616","Sai Sachdev"
"617","Sam Clucas"
"618","Sam Graham"
"619","Sam Hart"
"620","Sam Mantom"
"621","Sam Parkin"
"622","Sam Surridge"
"623","Scott Golbourne"
"624","Scott McNiven"
"625","Scott Moloney"
"626","Scott Vernon"
"627","Scott Wilson"
"628","Sean Gregan"
"629","Sean McCarthy"
"630","Seb Hines"
"631","Serhat Tasdemir"
"632","Shane Supple"
"633","Shaun Garnett"
"634","Shaun Hobson"
"635","Shefki Kuqi"
"636","Sidney Schmeltz"
"637","Sido Jombati"
"638","Simon Charlton"
"639","Simonas Stankevicius"
"640","Sohny Sefil"
"641","Stefan Stam"
"642","Steve Mildenhall"
"643","Steve Redmond"
"644","Steve Whitehall"
"645","Steven Kabba"
"646","Steven Schumacher"
"647","Stuart Balmer"
"648","Stuart Barlow"
"649","Stuart Giddings"
"650","Stuart Thom"
"651","Sydie Peck"
"652","Tamas Floszman"
"653","Tareiq Holmes-Dennis"
"654","Taylor Jones"
"655","Temitope Obadeyi"
"656","Terrell Forbes"
"657","Terry Dunfield"
"658","Terry Smith"
"659","Theo Vassell"
"660","Thomas Whittle"
"661","Thomas Youngs"
"662","Timmy Abraham"
"663","Timmy Thiele"
"664","Timothee Dieng"
"665","Toddy Orlygsson"
"666","Tom Adeyemi"
"667","Tom Conlon"
"668","Tom Donaghy"
"669","Tom Eaves"
"670","Tom Hamer"
"671","Tom Pett"
"672","Tomas Egert"
"673","Tomasz Cywka"
"674","Tommy Wright"
"675","Tomos Clarke"
"676","Tony Carss"
"677","Tony Ellis"
"678","Tony Philliskirk"
"679","Tore Pederson"
"680","Trey Turner"
"681","Urko Vera"
"682","Vani Da Silva"
"683","Wade Joyce"
"684","Warren Feeney"
"685","Wayne Andrews"
"686","Wayne Gill"
"687","Wes Wilkinson"
"688","Wilfried Moimbe"
"689","Will Haining"
"690","William Gros"
"691","Willie Donachie"
"692","Youssouf M&#039;Changama"
"693","Zachary Dearnley"
"694","Zak Emmerson"
"695","Zak Mills"
"696","Zander Diamond"
"697","Zeus de la Paz"
